id,target
c0f722661,0.118755125
f0953f0a5,0.16806793
0df072751,-0.37296697
04caf4e0c,-1.4389758
0e63f8bea,-1.0249419
12537fe78,-0.30476698
965e592c0,1.0795177
